01733639423,11.51,7135.807,836,0,Donni,11.29,22,10,0,minus
01737236559,154.74,9174.585,429,0,Jennica,13.79,135,12,1,2018-08-10 21:01:15.649994+06
01718761071,150.85,10328.511,598,0,Katherine,161.0,8,13,3,2018-10-21 16:06:33.755354+06
01770918622,39.7,4253.825,658,0,Carmelina,31.82,157,12,4,2019-02-01 07:50:11.001434+06
01700023406,29.45,8481.157,20,0,Hanni,101.31,128,10,0,minus
01795130291,180.37,10480.258,306,0,Tootsie,74.67,88,13,2,2018-11-25 06:12:36.303074+06
01701899919,168.14,12935.997,869,0,Hephzibah,26.29,10,12,1,2018-12-30 07:30:00.097694+06
01791009393,154.29,5429.498,235,0,Nerita,22.33,22,12,3,2018-10-25 13:51:56.026034+06
01710194004,66.74,1534.593,707,0,Lacey,134.76,47,12,2,2018-09-22 00:35:23.670554+06
01782623683,134.14,14604.54,878,0,Britni Cadding,35.22,70,13,4,2018-10-21 15:18:19.431854+06
01798161655,27.07,17139.6,562,0,Kerianne,179.32,39,13,2,2018-10-25 21:17:15.571994+06
01761639072,76.36,11105.256,105,0,Kelci,14.81,3,11,0,minus
01769466313,177.32,9822.557,979,0,Jacky,81.19,104,11,3,2018-12-23 11:03:26.084834+06
01757448206,2.32,15036.84,349,0,Tamqrah,173.84,17,10,2,2018-11-06 06:53:23.294174+06
01762962861,87.27,3218.832,629,0,Marty,7.34,5,13,2,2018-09-30 21:45:44.934794+06
01728085256,42.12,15137.298,550,0,Jennefer Lebouef  ,22.91,3,11,0,minus
01791307413,53.57,6819.072,329,0,Thomasina,120.6,190,10,0,minus
01744474614,81.36,3884.419,792,0,Madelina,23.19,156,11,2,2019-01-30 04:40:23.211074+06
01710255354,14.53,12274.388,219,0,Anstice,135.84,170,12,2,2019-01-24 19:50:11.764274+06
01784706596,44.04,2704.909,728,0,Jodie,6.47,81,12,3,2019-01-12 20:06:56.641274+06
01752738098,65.98,1427.584,390,0,Jolee,194.3,113,12,4,2018-09-08 02:07:42.940154+06
01742028238,151.15,4936.625,718,0,Jolene,82.38,140,12,3,2018-10-03 02:11:46.423814+06
01743581225,140.03,19132.05,813,0,Moina,60.29,61,11,2,2018-11-22 08:34:19.818614+06
01746544054,100.18,12671.395,181,0,Drusilla,61.26,74,10,4,2018-12-10 17:06:34.687754+06
01731258256,102.56,12905.353,307,0,Zandra,198.05,50,10,4,2019-01-25 13:50:54.430034+06
01747970534,145.49,3739.22,147,0,Dorisa,157.48,15,12,3,2018-09-07 11:33:47.019374+06
01761023414,142.79,4973.599,59,0,Chickie,2.67,155,13,2,2018-10-15 03:54:37.819214+06
01748574263,60.16,1640.596,940,0,Alecia,145.08,196,10,2,2018-10-10 06:36:58.236434+06
01721326817,181.02,11181.015,621,0,Con,156.65,195,12,1,2018-12-08 15:46:46.535654+06
01743275439,125.05,15198.247,828,0,Minda,16.04,175,13,3,2019-01-02 09:42:29.832614+06
01716198784,25.08,7290.983,198,0,Ericka,176.97,26,10,2,2018-12-15 17:33:11.877254+06
01701312930,170.11,17489.551,696,0,Marika,144.44,1,13,4,2019-01-26 10:16:28.684154+06
01785027703,164.7,18779.77,874,0,Lilla,14.19,87,11,1,2018-11-22 18:28:59.151854+06
01719094205,155.06,8776.568,154,0,Hyacinthia,92.47,95,11,4,2018-10-10 03:22:15.723974+06
01754392691,25.03,11950.933,855,0,Patsy,8.55,43,10,4,2018-12-15 15:01:42.676094+06
01705394390,196.86,2654.9,582,0,Jodee,63.6,38,13,2,2018-10-15 20:03:55.384334+06
01731882403,19.88,956.45,536,0,Francesca,79.88,146,11,2,2018-08-29 06:55:46.279874+06
01704041985,171.59,6685.576,13,0,Aaren,35.68,7,10,1,2018-11-04 13:49:35.306534+06
01713062376,38.56,1402.53,429,0,Arabella,160.73,64,11,0,minus
01736067391,187.16,12543.771,672,0,Glenda,195.67,76,10,1,2018-09-16 14:54:54.294434+06
01755674974,70.1,14109.432,110,0,Zahara,30.94,148,13,2,2019-01-18 09:29:36.757454+06
01796711595,36.35,8268.585,495,0,Mia,41.75,2,13,4,2018-11-19 11:25:22.407194+06
01761815776,54.62,13162.836,278,0,Datha,190.92,139,12,1,2018-11-04 07:15:05.576174+06
01793709094,88.21,2514.684,686,0,Merle,166.9,49,10,3,2018-10-10 10:01:16.919354+06
01704501749,192.0,1451.12,240,0,Stacie,113.48,160,13,1,2018-12-12 18:16:33.923234+06
01735949752,10.95,8037.272,436,0,Shea,21.73,160,13,0,minus
01732516921,24.99,5596.449,289,0,Blondell Kersh  ,133.61,108,11,0,minus
01760528796,22.82,16368.349,760,0,Ianthe,11.03,173,11,4,2018-10-07 04:42:31.573214+06
01719773103,28.34,7645.506,678,0,Gay,190.42,172,13,2,2018-08-14 23:48:10.259414+06
01790057777,82.74,19247.207,257,0,Letta,1.65,167,10,4,2019-01-03 02:49:46.249094+06
01795590993,119.54,5998.985,662,0,Imelda Rosales,51.34,165,12,2,2019-01-29 23:52:53.098274+06
01713792281,26.89,714.3,147,0,Rochel Finnegan  ,8.07,41,13,0,minus
01774749429,130.71,16552.634,945,0,Hillary Basnett  ,10.55,137,12,1,2019-01-27 01:28:32.428334+06
01767870578,59.73,18266.994,479,0,Julia,153.46,66,13,1,2018-10-23 23:06:58.100714+06
01728025054,17.14,2977.766,451,0,Yetta,125.98,14,10,0,minus
01723951918,30.18,9129.589,130,0,Wendy,15.52,5,13,1,2019-01-01 07:23:37.175774+06
01714502921,92.6,16663.981,852,0,Marlie,114.22,175,11,0,minus
01786388452,187.97,13600.579,584,0,Leonora Mcandrew,106.17,78,11,4,2018-11-29 14:14:41.484614+06
01751514346,18.03,7580.144,130,0,Lorianne,13.08,33,10,4,2018-08-20 17:32:00.523634+06
01743908864,170.08,9315.147,73,0,Lucita,141.31,80,13,0,minus
01775289508,90.37,10900.983,286,0,Flori,121.78,142,13,2,2018-10-18 19:46:52.043114+06
01791207229,52.88,4379.923,773,0,Charlena,63.28,76,10,2,2018-12-11 08:00:56.680334+06
01726853063,154.4,6665.506,929,0,Laney,51.47,162,13,3,2018-12-29 17:01:50.560094+06
01782335193,122.72,18577.734,908,0,Allegra,140.98,103,12,1,2018-08-22 07:41:14.899874+06
01720582084,93.81,3335.729,340,0,Fianna,57.35,89,11,2,2019-01-29 04:27:36.589094+06
01772610846,159.89,1768.27,870,0,Daffie,66.72,187,10,1,2018-12-25 04:15:24.454754+06
01741704913,153.31,10090.209,726,0,Darleen,159.92,101,11,3,2018-08-16 05:29:22.418474+06
01745660811,68.24,15292.99,266,0,Olivia,113.44,117,11,1,2018-10-18 02:09:33.181334+06
01727143682,155.57,15800.259,894,0,Matilda,107.38,95,11,1,2018-08-19 18:07:29.275274+06
01776370255,23.76,11748.152,489,0,Anita,156.1,142,11,1,2019-02-02 09:52:39.287054+06
01757181572,183.04,19821.738,123,0,Cari,83.86,173,11,1,2018-11-01 21:09:31.673654+06
01707323531,65.15,13435.654,145,0,Fredericka,39.91,35,10,3,2019-01-08 10:58:42.298454+06
01793504519,106.33,4574.805,755,0,Sharleen,77.41,132,12,4,2018-10-02 04:04:03.686474+06
01714878823,131.13,16123.056,154,0,Anette,57.32,132,11,2,2018-10-09 07:31:41.559914+06
01738541306,48.07,11190.358,548,0,Darleen,94.43,36,11,3,2018-12-22 22:44:00.797414+06
01787400059,125.13,456.921,853,0,Rebeca Binns,155.66,14,13,1,2018-09-22 17:39:25.198514+06
01727474962,103.99,1713.635,120,0,Madeleine,169.99,25,12,2,2018-11-29 03:47:12.959834+06
01791617701,78.73,15425.962,107,0,Idelle,191.64,149,11,4,2018-11-03 20:43:02.964674+06
01734152011,197.01,6659.775,828,0,Faydra,142.78,88,12,2,2018-12-14 18:48:29.593574+06
01735566144,99.95,10918.973,411,0,Clementia,176.48,71,12,3,2019-01-20 23:44:01.272974+06
01763612529,183.47,8673.342,978,0,Serene,78.46,52,12,3,2019-01-09 07:21:17.589194+06
01728999198,76.67,15278.757,458,0,Celestine,70.54,61,11,1,2018-11-12 08:03:48.637934+06
01764817603,0.27,12833.226,346,0,Val,34.72,73,11,0,minus
01749763490,27.87,13248.507,741,0,Saba,85.16,160,11,1,2018-11-29 09:59:12.056594+06
01728607800,148.68,10325.027,697,0,Amalie,36.52,175,13,2,2018-11-28 17:23:53.928014+06
01722365520,67.3,17023.444,116,0,Daniele,106.1,19,10,2,2018-11-01 23:42:58.158494+06
01788492732,111.42,5465.354,606,0,Dori,66.85,71,13,4,2018-08-28 04:06:43.950194+06
01789419777,196.21,17126.072,486,0,Florie,113.5,59,11,1,2018-09-04 22:26:43.462094+06
01798019872,99.83,8395.93,494,0,Golda,109.39,115,11,3,2018-09-06 19:09:05.184134+06
01773585894,62.31,1713.336,205,0,May,181.4,2,10,1,2018-09-26 01:46:21.092294+06
01797104525,122.31,15809.13,596,0,Fernandina,99.27,116,13,3,2018-09-24 10:24:22.896494+06
01767446400,108.09,118.608,773,0,Ignacio Batres,88.56,166,13,2,2018-09-23 21:34:15.028814+06
01783662302,62.97,4054.617,836,0,Pandora,159.9,118,12,0,minus
01744127087,159.87,5516.6,530,0,Bambi,79.26,9,13,1,2018-08-19 18:14:58.356734+06
01726257934,146.77,7783.828,712,0,Tish,38.51,30,13,3,2019-01-28 12:42:50.330474+06
01705609762,150.86,10669.269,459,0,Lucita,118.71,49,10,0,minus
01762866453,120.01,13836.259,303,0,Aurelie,158.17,94,12,2,2018-12-31 15:58:20.269874+06
01781282360,115.17,4231.646,545,0,Manda,20.06,199,12,4,2018-12-08 23:48:39.035474+06
01741631038,72.62,13202.452,108,0,Engracia,32.46,191,12,1,2018-11-05 08:18:25.400834+06
01794369970,23.19,14987.715,401,0,Vitia,136.41,130,11,0,minus
01765466550,194.21,13424.766,191,0,Sallie,165.94,68,11,1,2018-11-21 09:20:10.466654+06
01767338463,123.82,16750.778,824,0,Davine,179.63,69,11,0,minus
01764583701,27.58,5812.257,266,0,Paulie,38.44,139,10,3,2019-01-19 07:31:12.117314+06
01767413181,101.01,12868.214,249,0,Polly,133.08,65,12,4,2018-09-18 20:34:20.476694+06
01784574967,5.39,10060.849,565,0,Federica,149.87,5,12,2,2018-10-04 21:38:16.578554+06
01770734614,63.83,10101.743,428,0,Gilberte,6.04,161,11,4,2018-11-03 18:48:38.364614+06
01792512553,19.33,3477.157,340,0,Tatiania,32.65,152,10,4,2019-01-30 13:41:46.202054+06
01735622137,64.62,14766.97,776,0,Allina,163.64,190,11,1,2018-11-01 01:14:10.901534+06
01789969020,37.65,10807.024,612,0,Lilian,97.35,69,12,1,2018-11-16 17:58:08.078834+06
01725853172,143.83,11176.34,334,0,Cristin,133.48,93,11,4,2019-01-19 05:28:43.044374+06
01740436197,197.09,6563.657,131,0,Rebecca Wallhead,172.78,155,12,1,2018-12-27 20:10:13.770434+06
01719111510,129.62,12391.407,254,0,Lynette,30.44,182,11,1,2018-11-26 21:00:27.637334+06
01779773404,90.95,4181.555,873,0,Agathe,29.33,156,11,3,2018-09-22 06:59:27.644594+06
01792410880,94.8,9790.196,991,0,Adrianne,138.74,40,13,0,minus
01721664644,178.02,2101.113,390,0,An Brungardt  ,8.0,13,12,2,2018-10-05 15:48:40.020974+06
01701049410,180.89,16602.089,541,0,Jaquelin,168.46,65,13,1,2018-10-20 18:30:00.480194+06
01775807509,20.09,7887.182,855,0,Linet,186.89,124,11,4,2018-09-29 01:52:08.973434+06
01711085560,162.98,17010.677,665,0,Charlot,80.75,51,13,3,2019-01-03 10:58:31.128014+06
01743532547,174.76,17873.363,390,0,Alessandra,183.44,130,13,1,2018-12-22 15:10:19.701794+06
01704699562,95.95,2607.623,309,0,Mollie,160.22,91,11,0,minus
01733630514,140.75,16991.919,170,0,Kristel,35.2,95,11,1,2019-01-24 02:44:41.877014+06
01749095247,182.37,16571.933,518,0,Berna,45.26,116,11,3,2018-10-17 05:25:45.122654+06
01744084095,188.99,8601.651,868,0,Jania,65.83,80,13,4,2019-01-26 18:46:50.780054+06
01716115573,79.07,5271.459,42,0,Arabelle,69.5,181,12,0,minus
01719800924,171.73,12106.845,454,0,Ellynn,78.56,98,11,2,2019-01-02 10:27:06.774074+06
01728710443,27.25,1493.733,37,0,Marrilee,160.58,192,13,1,2019-01-04 18:15:46.963754+06
01711882749,94.37,1210.506,282,0,Beverlie,19.28,50,13,1,2018-09-29 22:47:14.402174+06
01748368650,168.87,8355.174,856,0,Halie,89.72,5,11,1,2018-10-23 04:11:40.466534+06
01729995842,114.99,10866.448,748,0,Lishe,142.45,11,11,3,2018-08-19 02:07:01.981334+06
01795701735,150.43,9022.203,861,0,Christian,186.13,87,12,2,2018-11-28 12:22:17.222294+06
01711969338,148.26,19308.149,522,0,Theodora Godsey,141.25,58,10,1,2019-02-02 19:04:54.156314+06
01721997135,121.47,9615.452,680,0,Barb,13.83,80,10,1,2018-09-08 05:55:33.654134+06
01718264504,28.98,1923.981,954,0,Anna-Diane,53.63,180,13,1,2018-08-10 11:23:56.516234+06
01754324322,19.56,16271.147,943,0,Kimmy,62.85,55,10,0,minus
01797311737,72.58,11622.491,340,0,Taffy,3.64,39,12,2,2018-11-06 17:49:29.214614+06
01753180486,98.98,1889.327,462,0,Wenonah,146.3,136,13,0,minus
01768176663,25.92,14220.816,639,0,Stace,67.75,173,10,0,minus
01705544354,67.58,15334.932,355,0,Hilde Rook,27.34,185,13,3,2019-02-02 07:16:20.161154+06
01791615988,22.66,13700.638,163,0,Mathilda Carlos  ,42.69,140,12,4,2018-09-29 00:48:20.262914+06
01715151373,164.39,13942.066,650,0,Mareah,173.99,8,11,4,2018-10-23 23:33:29.131334+06
01726206439,86.45,18214.359,211,0,Robenia,56.19,102,12,3,2018-11-21 16:16:55.731134+06
01709956636,83.09,1961.037,639,0,Larisa,152.16,44,12,0,minus
01782322613,123.89,1725.923,633,0,Jobye,53.01,65,10,1,2018-09-24 07:41:31.234334+06
01752420470,7.25,1732.525,127,0,Rubie,16.73,178,13,1,2018-11-09 00:37:25.494014+06
01762767956,19.45,1067.017,453,0,Elisabetta,89.24,193,13,3,2018-10-10 02:41:50.578394+06
01755774160,158.85,7454.821,657,0,Janot,193.54,148,13,4,2018-09-03 23:55:24.761234+06
01723672315,108.18,16668.599,49,0,Jacinta,111.05,98,10,0,minus
01747305555,33.16,16600.605,300,0,Lisabeth,112.9,13,12,4,2019-01-20 09:10:25.962914+06
01792684571,171.05,12497.789,728,0,Cecile,26.08,175,12,2,2018-12-07 13:50:31.602254+06
01732663300,48.9,16460.166,316,0,Meggy,174.82,133,13,1,2019-01-29 12:44:53.656034+06
01713792383,162.55,18771.075,350,0,Elly,147.73,73,11,2,2018-11-16 21:24:27.123254+06
01725646489,28.52,10271.76,523,0,Natassia,87.34,74,12,2,2018-08-12 10:45:36.356714+06
01775236758,184.47,3847.282,865,0,Karol,83.01,168,12,0,minus
01724145905,181.54,9393.03,51,0,Cristi,50.49,5,11,0,minus
01729425056,45.35,1816.709,31,0,Barbi,107.66,66,11,4,2018-10-10 20:10:17.966774+06
01778794670,128.03,10946.416,157,0,Stephie,89.11,10,13,0,minus
01714804695,105.48,334.432,125,0,Ariela,151.38,58,11,3,2018-12-21 03:59:40.557614+06
01716782534,194.02,19737.305,792,0,Lorinda,2.77,22,11,3,2018-09-17 13:32:41.258714+06
01763225985,58.63,17825.809,398,0,Lela,132.84,59,11,4,2018-09-28 06:13:08.118794+06
01764767538,166.2,3290.289,377,0,Elmira,75.03,85,10,0,minus
01771999425,179.58,321.972,159,0,Cammie Ivey,190.54,89,13,4,2019-01-04 20:45:20.402054+06
01784247006,124.59,14844.711,401,0,Alexa,139.33,81,11,1,2018-11-13 14:08:21.088814+06
01725455557,34.62,19706.576,421,0,Briny,94.65,174,10,4,2019-01-23 03:34:16.685714+06
01706455417,23.55,9025.378,562,0,Mead,122.82,5,11,2,2018-08-15 01:36:38.337614+06
01765066332,46.64,14748.648,26,0,Cornelle,120.52,132,12,4,2018-09-22 22:39:12.970574+06
01778269679,70.24,2364.449,98,0,Lynna,136.84,10,12,2,2018-10-22 03:41:05.386874+06
01717530382,80.74,16762.88,861,0,Bethanne,75.7,107,11,1,2018-11-26 23:16:07.482134+06
01723914711,23.82,11499.895,459,0,Cicely Cogswell,84.03,158,11,3,2018-09-13 23:23:08.259134+06
01742734043,128.8,7505.273,430,0,Gwynne,76.73,39,12,2,2019-01-10 23:41:51.164654+06
01705845304,68.34,8547.773,535,0,Nat,65.77,158,10,0,minus
01704434158,137.05,3708.427,218,0,Heddie,49.95,67,12,3,2018-12-25 05:19:16.590854+06
01733432042,81.95,4784.042,356,0,Antonetta,92.36,6,12,3,2018-11-13 06:34:57.352214+06
01746227692,134.87,8776.402,293,0,Pammy,178.77,11,12,2,2018-10-30 01:33:32.059574+06
01727617205,140.13,16752.202,256,0,Caritta,160.71,87,12,2,2018-09-02 21:02:50.379494+06
01747013342,179.84,17280.594,534,0,Rorie,23.76,94,12,4,2018-09-18 01:20:01.458194+06
01790183468,148.61,5393.545,337,0,Annora,57.71,10,12,4,2018-12-01 09:45:37.673054+06
01775779468,32.24,15025.12,676,0,Joela,178.27,132,10,2,2018-10-29 00:53:02.711534+06
01763306477,101.95,13859.605,825,0,Ilka,191.54,102,10,1,2018-11-01 21:36:58.800554+06
01789076288,90.2,6920.623,165,0,Ciel,101.78,166,11,0,minus
01749741708,115.08,18617.472,709,0,Merrie,181.94,153,12,1,2019-01-14 18:22:48.756674+06
01744382635,176.39,9590.779,138,0,Milicent,59.17,15,10,0,minus
01730259070,185.65,2378.047,225,0,Natala,40.56,130,10,0,minus
01777129110,134.05,8280.041,902,0,Bridget,101.18,8,13,4,2018-12-05 03:37:29.299034+06
01737347601,157.55,16068.456,539,0,Brinn,113.88,52,13,2,2019-01-31 09:53:14.956934+06
01747341672,36.36,16947.533,641,0,Oralla,167.07,111,13,1,2019-01-28 14:34:34.716674+06
01754845860,99.99,51.962,380,0,Doria,71.71,149,10,3,2018-10-15 02:11:31.516034+06
01784733841,63.76,9564.583,418,0,Francesca,51.1,134,13,2,2018-12-19 15:04:26.809094+06
01750325802,82.28,10754.61,782,0,Kittie,150.45,199,10,3,2018-09-01 02:09:21.901454+06
01735915944,72.41,11229.522,258,0,Addia,193.74,19,12,4,2018-12-17 13:42:27.758474+06
01750536956,104.47,15512.041,258,0,Callie,139.41,139,11,2,2018-08-19 19:16:20.490014+06
01729983072,189.55,11834.006,352,0,Meg,150.62,99,13,3,2018-12-08 03:18:10.330334+06
01766533651,6.57,255.882,523,0,Irina,61.76,89,11,3,2018-09-13 08:27:54.580634+06
01738093192,40.91,1623.87,402,0,Beth,85.95,102,11,1,2018-11-06 08:56:12.470774+06
01708267418,114.12,18692.973,139,0,Glenna,96.27,43,11,1,2019-01-12 09:55:05.813354+06
01714653129,78.67,19651.616,882,0,Ardenia,31.41,173,12,1,2018-12-08 15:15:56.735234+06
01792676294,19.88,495.665,92,0,Jana,175.15,108,11,4,2018-08-18 01:30:19.784654+06
01747472058,23.11,461.703,800,0,Roseanna,29.76,78,13,2,2018-09-19 13:51:18.220094+06
01782002334,51.68,17526.792,921,0,Bonnie,63.8,189,12,0,minus
01733760643,169.96,4171.357,186,0,Charissa,132.78,134,12,2,2018-09-27 15:36:20.157974+06
01789625185,128.57,13754.011,611,0,Willamina,107.16,40,13,1,2019-01-24 01:43:27.123374+06
01743964979,105.32,5909.785,642,0,Liz,52.82,177,13,1,2018-11-26 12:41:33.390374+06
01748041958,30.87,17306.021,138,0,Gusta,10.93,67,13,1,2019-01-24 13:19:39.555794+06
01766794236,162.42,9838.882,123,0,Kate,41.65,144,12,2,2019-01-18 05:01:07.760954+06
01771447882,161.73,10927.052,255,0,Candie Meyerson,148.18,118,13,1,2018-12-20 03:39:28.830014+06
01723544127,31.05,4308.207,142,0,Lianna,69.28,163,13,0,minus
01753529043,64.33,10129.035,966,0,Emmaline,191.98,154,13,4,2018-08-18 09:23:18.001274+06
01707465795,162.66,19933.272,2,0,Jessamine,9.44,185,13,3,2019-01-01 22:53:59.953154+06
01777452879,190.56,12169.23,710,0,Terza,118.22,139,11,4,2019-01-24 05:49:51.521114+06
01733582404,112.21,13193.797,919,0,Merrill,113.29,126,13,2,2018-10-17 17:26:53.129354+06
01776022042,91.88,14719.308,303,0,Alica,13.06,34,10,2,2018-08-29 14:43:31.556774+06
01725841463,18.1,4522.448,979,0,Zoe,41.24,9,11,1,2018-08-31 15:18:23.221394+06
01727050722,101.13,14532.94,284,0,Grete,4.86,94,10,0,minus
01750141706,46.07,1978.08,580,0,Mair,168.39,25,11,0,minus
01790894592,181.74,8116.873,852,0,Amabelle,196.69,56,11,3,2018-12-16 09:24:41.013494+06
01706210760,0.34,12272.86,508,0,Magdalene,162.7,77,12,0,minus
01716291181,107.89,4516.358,492,0,Adelice,57.53,2,13,3,2018-11-10 00:07:42.654854+06
01701970251,79.69,18876.531,861,0,Cathrin,141.8,132,11,0,minus
01785530360,26.46,779.264,174,0,Ysabel,179.88,157,10,2,2018-08-23 09:38:56.497874+06
01700810277,170.73,17187.777,821,0,Ramiro Lamberth,150.81,31,13,0,minus
01783360877,133.49,5797.434,578,0,Danya,40.31,44,13,3,2018-08-15 00:19:46.495334+06
01752477145,91.66,12685.766,39,0,Lela,44.19,15,12,1,2018-11-30 11:30:43.271054+06
01707910622,188.1,1878.347,986,0,Caressa,69.71,197,13,2,2018-10-19 16:20:00.933314+06
01733175570,90.58,4754.247,319,0,Alia,173.42,78,13,0,minus
01780199937,186.94,6925.234,447,0,Aeriela,104.07,133,13,0,minus
01778939572,39.42,7967.265,184,0,Francesca,180.81,99,12,1,2018-12-27 05:53:07.618334+06
01748685961,188.42,6709.143,96,0,Fayina,27.03,72,12,2,2019-01-17 11:20:00.523994+06
01751774862,156.64,4118.39,530,0,Kimmi,95.46,138,12,1,2018-09-07 05:14:44.376314+06
01750879190,169.65,2620.74,502,0,Ulrika,87.15,144,13,1,2018-10-20 14:11:18.741794+06
01705586979,157.98,13070.882,116,0,Fidelity,52.79,173,10,0,minus
01744314701,142.96,13072.197,763,0,Melba Gomer  ,17.93,164,12,2,2018-09-12 09:37:50.015054+06
01783411433,193.82,1032.084,422,0,Hyacintha,189.67,165,10,1,2018-08-25 20:39:44.308754+06
01758855346,184.68,1408.803,478,0,Cornelia,77.45,161,13,4,2018-11-20 16:40:21.314594+06
01707046749,167.77,1609.002,229,0,Gabrielle,55.47,104,10,3,2018-11-03 04:26:06.932714+06
01715295156,101.4,1609.302,444,0,Myrle,65.98,96,10,1,2019-02-04 03:05:57.289694+06
01760010692,161.79,2974.081,808,0,Merrili,29.04,11,13,3,2019-01-24 08:49:29.932274+06
01745911050,179.76,1880.912,940,0,Britteny,41.9,155,11,1,2019-01-10 16:29:23.170334+06
01719199893,156.82,5029.571,258,0,Caryl,155.44,109,10,2,2018-10-14 13:18:52.754894+06
01754977572,147.6,6862.219,202,0,Leanna,199.24,61,11,2,2018-09-28 04:33:43.303814+06
01743130860,150.65,5303.028,593,0,Emily Reddish,148.0,195,13,1,2018-08-27 05:41:45.734954+06
01736730220,197.47,3053.054,183,0,Gaylene,80.1,93,10,1,2018-09-11 22:55:20.821754+06
01765180739,154.69,1452.484,524,0,Hedda,108.23,108,13,0,minus
01783235126,148.02,3248.142,167,0,Lucinda Corona,26.28,164,11,4,2018-12-29 06:22:06.381974+06
01755952542,199.18,4436.88,384,0,Lonnie,33.0,194,11,0,minus
01755337741,54.94,19304.416,934,0,Marta,135.37,149,13,1,2018-10-31 08:42:34.355294+06
01710745383,113.56,9334.66,836,0,Jaquenette,54.41,28,12,2,2019-01-11 10:17:40.855154+06
01742784702,101.66,9414.191,373,0,Veronica,43.11,34,10,3,2018-11-15 00:08:16.246274+06
01750838401,181.34,12885.506,254,0,Damaris,58.88,146,10,4,2018-08-30 11:08:02.907194+06
01725927922,98.66,8521.928,305,0,Austina,180.59,135,11,3,2019-02-05 01:47:53.232674+06
01770543172,12.1,14558.882,41,0,Margy,35.72,160,13,2,2018-08-21 11:42:17.998514+06
01769719134,42.87,6552.717,199,0,Tonye,80.33,92,11,3,2018-10-04 06:30:06.221114+06
01703303040,98.9,14864.312,806,0,Corrina,20.43,105,12,1,2018-10-17 05:38:07.612394+06
01705397647,78.25,7667.347,126,0,Rikki,181.52,151,12,1,2018-08-17 10:07:07.607234+06
01730738714,165.12,2160.22,443,0,Cathrin,92.33,151,13,3,2018-09-16 21:37:06.605354+06
01759905458,154.23,12153.227,703,0,Caro,196.91,81,13,3,2019-01-13 18:44:50.934434+06
01725269306,194.05,3937.491,347,0,Cordelia,54.1,51,12,2,2018-08-24 23:33:37.935134+06
01758538321,175.25,12678.821,988,0,Rhianon,134.26,175,13,1,2018-10-19 10:18:48.616334+06
01772901632,89.1,8671.436,22,0,Emily Auman,16.48,171,10,0,minus
01765342476,25.91,12727.503,666,0,Gavrielle,11.11,189,13,1,2019-01-29 03:12:40.755914+06
01787509532,144.97,15808.249,678,0,Almira,62.77,5,13,2,2018-08-21 18:15:01.786274+06
01759451525,36.28,4167.843,418,0,Nari,101.99,97,11,2,2018-09-26 20:09:36.708974+06
01721620647,21.52,15347.753,229,0,Sheelah,178.78,80,13,4,2019-01-26 06:25:01.826534+06
01771887446,46.98,19077.324,895,0,Lucretia,158.79,12,13,3,2018-10-01 17:40:36.282854+06
01752433617,1.19,16945.613,639,0,Josefina,111.68,45,10,3,2018-11-24 18:41:09.247514+06
01702265837,164.68,17072.89,989,0,Essie,64.52,177,10,1,2018-10-02 17:25:15.244634+06
01745994437,142.4,9284.545,543,0,Corinne,0.89,189,10,2,2018-10-03 23:20:31.476254+06
01719707919,3.72,2110.842,786,0,Corry,74.73,187,10,0,minus
01751360250,125.39,6154.955,198,0,Vivianne,26.52,85,13,3,2018-10-15 22:24:28.630034+06
01745559355,117.66,16546.784,327,0,Martita,199.1,9,11,2,2018-10-26 07:52:46.585514+06
01711826579,141.07,7881.85,230,0,Doreen Kells,55.09,55,13,4,2018-11-26 20:54:46.917314+06
01795764023,102.53,13564.906,443,0,Emmaline Younger,102.86,80,10,3,2018-10-13 15:01:11.027234+06
01750261806,29.77,1895.489,976,0,Lyndell,163.27,30,10,4,2018-09-17 06:00:17.195894+06
01737762055,170.83,19747.752,453,0,Rhona,62.62,74,12,4,2018-08-25 18:40:00.338114+06
01700506706,123.44,1539.834,141,0,Andie,10.78,64,13,2,2018-09-02 06:09:27.416294+06
01704481877,91.74,8010.849,650,0,Brena,122.94,120,12,4,2018-09-04 07:59:30.484274+06
01778459112,11.29,19713.169,257,0,Shelagh,155.56,178,13,2,2018-09-01 12:11:49.232174+06
01754391891,111.92,568.763,72,0,Hiram Costellow,70.26,118,13,1,2018-09-09 23:52:52.381154+06
01714194040,137.42,17379.925,723,0,Talia,107.05,185,11,1,2018-11-30 12:25:13.995614+06
01712958190,84.1,17965.364,145,0,Edith,51.93,111,11,1,2018-10-23 12:59:57.320474+06
01761573933,121.48,3242.154,273,0,Rosemonde,34.19,58,12,0,minus
01713445015,55.84,13992.353,845,0,Anet,77.3,9,11,2,2019-01-25 17:45:33.851474+06
01722275589,65.23,5364.493,884,0,Sallee,114.46,115,11,0,minus
01749040508,151.63,5796.166,650,0,Clarence Treffrey,122.47,58,10,1,2018-12-26 04:50:55.614794+06
01710114960,124.65,16129.02,956,0,Cordula,0.18,89,10,2,2018-09-20 23:08:35.798234+06
01768287566,64.51,10360.521,17,0,Moll,126.39,78,10,2,2018-10-13 20:04:56.596394+06
01712687858,154.79,16255.258,473,0,Jilly,69.0,3,11,2,2018-11-15 17:07:56.310374+06
01795247412,97.14,4314.375,363,0,Nan,33.03,145,11,3,2018-10-17 12:58:04.507094+06
01782435062,0.94,9845.78,580,0,Vilhelmina,155.3,158,13,1,2018-10-01 17:43:41.409074+06
01762556395,120.22,9770.673,556,0,Dian,104.6,80,13,3,2018-10-25 11:41:36.275954+06
01779876756,175.49,9747.667,68,0,Eada,102.34,137,11,4,2018-11-21 11:36:39.846554+06
01721550931,76.27,19553.353,443,0,Holly,16.79,159,11,2,2018-11-07 18:00:19.871054+06
01736737918,30.14,9064.757,272,0,Karoly,137.76,145,11,2,2018-09-04 05:15:40.096934+06
01739871695,40.41,7653.009,749,0,Emilia Yokoyama,76.6,54,11,4,2019-01-12 03:41:18.159494+06
01701366896,116.41,664.059,284,0,Moyna,1.95,16,13,4,2018-11-15 17:05:49.192034+06
01777552358,160.23,11108.106,504,0,Roselle,184.24,186,13,4,2018-08-29 21:37:48.534914+06
01701915984,42.34,938.575,821,0,Katuscha,38.37,46,12,4,2018-12-24 23:25:39.568934+06
01799971297,35.29,2757.373,571,0,Adrienne,12.88,161,13,2,2018-08-26 07:27:05.107274+06
01721226328,179.43,7181.335,210,0,Constanta,37.84,46,10,1,2019-01-31 16:23:00.020174+06
01740880492,149.44,15220.279,123,0,Trevor Lantigua,118.53,1,11,0,minus
01715230867,90.88,2201.28,587,0,Austin,199.98,189,12,1,2018-12-05 07:44:39.045974+06
01778139748,14.33,12675.993,990,0,Maribelle,197.89,42,13,2,2018-11-23 19:01:11.237654+06
01740283229,106.6,8617.437,363,0,Andy,38.61,167,10,1,2018-10-21 01:29:55.397354+06
01732313420,130.32,18742.501,15,0,Nanine,110.35,113,13,0,minus
01737283384,55.83,10358.456,412,0,Virgina,99.85,19,12,2,2018-08-31 15:56:03.532514+06
01739380950,15.99,19262.35,57,0,Lark,195.15,93,12,1,2018-11-12 02:20:51.342314+06
01776208465,57.19,19609.42,17,0,Tamatha Roessler  ,104.45,98,11,3,2018-09-21 10:07:49.480994+06
01761673648,34.11,1373.666,307,0,Janey,122.45,29,10,2,2018-09-11 13:16:58.197494+06
01731322700,182.05,17534.163,425,0,Jenifer,14.13,182,12,2,2018-08-13 05:06:52.676594+06
01768907558,6.9,3565.746,159,0,Justine,160.05,129,11,4,2018-08-24 19:37:44.196554+06
01709816985,83.46,16701.091,322,0,Dierdre,88.39,66,12,4,2018-08-19 06:13:23.866094+06
01721286710,3.94,7066.787,79,0,Nada,96.33,40,10,4,2018-09-03 13:12:52.540694+06
01748785746,159.82,1720.549,756,0,Alayne,103.69,5,10,0,minus
01764361637,99.63,9015.686,533,0,Bryna,187.96,79,10,4,2018-11-24 22:37:43.982894+06
01794976120,182.86,11979.142,18,0,Tish,55.14,194,13,2,2018-08-09 21:06:32.150654+06
01756917222,114.67,16528.676,43,0,Dee Dee,21.1,2,12,2,2019-01-16 20:20:23.404514+06
01705311795,53.3,2532.954,599,0,Oralia,97.0,140,12,3,2019-01-28 21:49:58.075274+06
01724831993,15.17,2556.985,448,0,Oralle,56.73,104,10,2,2018-08-27 14:31:57.917234+06
01756847839,10.17,19182.585,940,0,Gweneth,3.74,38,12,3,2018-11-06 00:06:17.676494+06
01747937819,22.72,1081.877,752,0,Tyne,68.23,51,12,2,2018-08-14 16:17:34.587194+06
01731489742,89.02,13450.155,612,0,Aeriel,145.68,25,10,3,2018-11-27 07:14:01.721174+06
01758656191,179.35,9719.994,485,0,Elana,74.31,181,13,1,2019-02-03 22:08:18.185594+06
01727186604,195.98,16828.404,912,0,Nonna,148.91,71,13,3,2019-01-25 09:36:58.640534+06
01710282646,32.96,13860.51,131,0,Carry,174.07,111,13,0,minus
01741775995,57.46,3797.768,499,0,Doralin,52.94,62,10,0,minus
01773241809,92.78,4043.463,114,0,Reba,103.44,12,11,1,2018-11-25 22:48:39.962114+06
01754338954,92.44,10445.255,2,0,Annemarie,34.52,40,13,0,minus
01787962527,31.74,15636.32,233,0,Kimberly,192.39,47,11,4,2018-11-05 05:53:42.191294+06
01757935139,87.23,13618.088,777,0,Edwina,147.85,100,12,3,2018-09-10 06:47:45.938354+06
01722184149,177.24,8200.685,992,0,Dulci,66.3,105,11,3,2019-01-17 10:37:11.154674+06
01781201762,6.03,12201.707,48,0,Fanchette,184.39,43,10,0,minus
01791806616,42.24,11869.027,165,0,Rhody,133.42,37,10,0,minus
01767812470,82.14,11279.752,278,0,Tatiana,163.46,32,12,0,minus
01763531668,132.39,14995.94,673,0,Jobi,42.15,189,10,0,minus
01749965549,26.85,11402.782,796,0,Wally,86.9,168,11,1,2018-10-06 19:48:09.644534+06
01722444406,118.71,5330.565,655,0,Inger,124.74,18,13,3,2018-11-27 10:38:37.437314+06
01748170210,120.92,86.803,599,0,Brenda,82.12,135,13,2,2018-10-24 05:20:17.619494+06
01791912341,154.11,19340.784,173,0,Menard Fidock,30.14,165,11,3,2018-11-12 09:17:11.593094+06
01750243214,142.88,1488.478,865,0,Frances,106.56,45,13,0,minus
01733172011,113.31,17580.135,292,0,Constantina,58.83,94,13,2,2018-08-22 10:11:59.432594+06
01770094729,161.36,3505.568,11,0,Shanon,17.56,50,12,2,2018-10-16 09:00:01.251314+06
01703386116,94.1,17516.949,723,0,Erinn,28.66,146,10,3,2018-09-24 14:28:34.425974+06
01757319554,46.36,9114.717,629,0,Yetta,118.91,125,11,4,2019-01-22 13:30:36.564254+06
01702401540,41.48,15225.444,891,0,Janette,19.43,141,10,1,2018-08-10 02:17:29.036894+06
01780669628,3.34,16301.679,615,0,Janeczka,115.15,197,11,1,2018-12-07 18:33:09.183194+06
01714543845,180.86,10571.48,591,0,Cherice,78.23,132,10,3,2018-10-26 06:23:31.333874+06
01730277771,113.67,16942.036,273,0,Willy,7.31,46,12,3,2018-11-07 13:13:35.599754+06
01774550690,22.68,6310.852,974,0,Juliet,119.57,185,10,3,2018-09-29 05:16:24.817754+06
01756526016,78.88,6469.892,275,0,Valida,72.95,168,10,2,2018-11-08 13:31:18.975674+06
01739823009,196.44,8405.693,115,0,Victor Dillingham,117.99,22,13,3,2018-11-17 03:50:09.102794+06
01762079782,163.12,12996.207,166,0,Charita,16.62,144,12,3,2018-09-17 04:54:01.060514+06
01726424340,82.06,18507.1,819,0,Celia Mixer,197.98,190,10,2,2018-10-22 16:16:58.456514+06
01767553031,150.5,14801.9,288,0,Reena,196.79,0,12,2,2018-09-14 04:33:52.986014+06
01725710881,28.63,17486.274,335,0,Chrissie,37.68,147,13,2,2018-11-24 07:59:45.919814+06
01797005088,121.36,2717.417,936,0,Marvin Chavez,142.0,154,13,2,2019-01-02 19:34:41.299634+06
01706041640,147.27,19292.537,36,0,Shirl,140.94,26,12,4,2018-09-02 23:44:52.347434+06
01754523169,35.15,15767.022,452,0,Giuditta,158.35,101,11,4,2018-08-14 06:56:11.392754+06
01741261535,124.94,1305.824,502,0,Alisa,186.81,5,11,0,minus
01777454299,35.12,18636.118,711,0,Merola,45.21,167,12,4,2018-09-15 12:38:27.048974+06
01716603539,195.48,10870.311,372,0,Cynthea,184.3,143,10,1,2018-11-02 21:59:08.644514+06
01709398417,4.03,373.14,111,0,Allina,111.98,10,10,1,2018-08-11 13:09:33.613694+06
01718522483,106.25,16010.706,212,0,Margeaux,125.06,7,12,4,2018-08-14 21:38:40.174934+06
01762752170,179.49,9517.388,734,0,Deny,72.69,33,12,3,2018-08-16 18:08:32.455094+06
01787148977,12.35,2323.663,700,0,Nan,13.72,181,12,2,2018-09-09 06:20:10.249394+06
01744447430,2.64,3911.692,232,0,Kandace,150.31,59,10,1,2018-09-09 08:09:53.824994+06
01789292896,59.82,17079.021,802,0,Elnore,89.17,166,12,3,2019-02-04 22:49:32.716154+06
01787562143,185.84,6088.025,985,0,Allianora,175.61,5,11,3,2019-01-19 09:53:25.780154+06
01736927075,138.01,19012.627,821,0,Carlin,8.36,143,10,3,2019-01-24 21:32:46.079654+06
01775920549,154.44,8845.648,886,0,Eba,182.75,39,12,3,2019-02-02 19:23:06.106874+06
01702457132,195.65,5292.016,867,0,Janeth Renn,154.33,124,13,1,2018-10-22 23:04:24.721094+06
01786830742,188.74,1701.596,206,0,Elene Nunez,13.4,26,10,1,2018-09-15 10:04:18.285554+06
01784132650,69.39,13072.571,805,0,Joell,147.89,86,13,4,2018-10-16 02:44:02.633774+06
01734955732,159.68,154.999,37,0,Lucita,40.7,9,12,1,2018-11-12 08:41:18.245534+06
01798176562,43.72,9440.632,640,0,Rica,67.72,40,12,2,2019-02-04 04:43:47.901134+06
01793519111,45.81,818.114,750,0,Lorelei,189.25,190,12,1,2018-09-17 18:56:54.275774+06
01797550467,62.95,12762.362,422,0,Rici,184.83,87,11,4,2018-10-18 10:37:58.783034+06
01765575350,16.12,7081.011,800,0,Tobe,134.1,67,11,4,2018-12-10 02:41:18.616874+06
01732160293,198.7,1202.261,608,0,Audi,163.94,152,10,2,2018-10-16 08:46:21.287054+06
01713026325,77.69,12315.493,790,0,Germain,36.9,70,10,2,2018-10-31 00:28:06.554774+06
01789266881,41.98,17898.795,541,0,Pepita,147.99,91,12,1,2018-11-26 22:18:53.277434+06
01770184816,56.98,15088.259,744,0,Josy,137.57,69,11,2,2018-10-15 03:21:41.986934+06
01731862849,75.63,19365.336,541,0,Lanell Filmore,149.59,105,10,2,2018-09-18 20:45:21.530474+06
01785277773,51.48,5736.598,926,0,Abbey,22.73,166,13,0,minus
01774907049,111.25,16509.676,892,0,Gabriel,13.3,151,12,1,2018-10-16 03:51:02.582954+06
01754811074,33.01,8609.365,156,0,Liana,112.71,65,11,3,2018-10-08 23:22:12.801854+06
01752571705,89.3,2857.504,904,0,Kristal,77.4,32,12,3,2018-11-24 04:00:36.278774+06
01708124637,198.85,8463.077,837,0,Evanne,1.4,88,10,1,2018-09-12 09:50:36.446594+06
01723309111,149.91,15011.367,529,0,Junette,161.94,86,12,0,minus
01774732221,160.84,15905.68,746,0,Ertha,105.66,106,12,0,minus
01733637443,155.06,15788.619,345,0,Sabine,12.13,167,12,4,2018-09-06 09:32:33.934334+06
01792619670,165.98,15468.833,775,0,Evangelin,95.41,163,12,1,2018-08-10 20:32:42.099854+06
01799319021,135.17,2629.701,914,0,Selia,88.84,112,13,2,2019-02-03 01:24:06.315254+06
01775420292,22.95,6276.42,370,0,Marigold,195.22,156,13,3,2018-11-08 00:10:34.067954+06
01713900675,150.18,14764.56,6,0,Jeanna,32.46,135,11,1,2018-09-29 07:05:26.694194+06
01730195041,27.48,12773.711,886,0,Evangeline,178.1,153,13,0,minus
01746015896,115.22,9696.478,822,0,Star,125.05,64,11,1,2018-12-30 07:30:00.097694+06
01791595284,43.43,17050.348,281,0,Layney,172.92,90,13,0,minus
01738928124,161.32,5193.674,666,0,Mavra,122.17,73,13,1,2018-11-05 04:22:08.227154+06
01756225046,72.49,12966.082,163,0,Myrah,73.54,147,11,4,2019-01-19 03:04:19.453574+06
01729865773,198.16,14428.664,200,0,Emmaline Younger,197.53,63,11,1,2018-09-28 11:48:45.240794+06
01719914243,141.15,8875.38,18,0,Corinna,83.58,187,10,1,2018-09-15 08:06:18.418094+06
01702767305,166.02,13558.793,196,0,Nicoline,104.13,82,11,3,2018-12-12 20:45:30.369554+06
01754877389,40.05,10954.936,336,0,Sibylla,142.86,54,13,4,2018-08-09 15:14:47.125814+06
01713197285,169.84,8130.719,14,0,Romona,92.94,160,12,4,2018-08-10 06:38:51.793034+06
01780586406,109.51,2571.756,2,0,Lizbeth,29.16,6,12,4,2018-12-22 08:56:18.092714+06
01786108976,11.15,13241.266,544,0,Christy,185.71,11,10,2,2018-10-16 13:21:20.248874+06
01760300832,6.47,19776.874,748,0,Rochelle,123.02,30,11,1,2018-12-05 08:35:25.385594+06
01762791371,195.93,10671.277,606,0,Abbie,0.39,66,10,4,2018-08-21 10:00:30.031694+06
01736542590,157.47,16059.079,477,0,Bella,147.84,59,11,4,2018-10-05 02:02:18.433634+06
01711432215,68.35,12674.304,921,0,Cyndi,197.79,97,10,4,2018-11-12 00:03:52.914914+06
01734326571,9.92,19169.011,85,0,Carmita,178.11,40,11,0,minus
01752711047,55.19,5237.499,702,0,Liliane,182.29,96,10,1,2018-08-24 15:16:20.839214+06
01766522958,93.46,4347.77,147,0,Jenise Morquecho,177.12,172,10,4,2018-12-22 05:02:11.593094+06
01768679207,191.73,1913.688,719,0,Rosalind,67.91,113,11,3,2019-01-27 17:34:25.647014+06
01728664244,8.46,19695.224,847,0,Lorenza,79.63,145,10,0,minus
01776606701,32.31,13592.562,235,0,Gustie,154.45,33,10,1,2018-11-26 07:42:48.152654+06
01700601327,95.1,4164.761,545,0,Petronella,173.71,76,13,0,minus
01722349279,112.76,9877.801,973,0,Cristy,22.8,107,10,3,2019-01-28 17:37:54.630434+06
01724950896,87.99,1935.286,388,0,Neilla,103.69,101,12,1,2019-01-06 19:43:06.623354+06
01700101643,111.1,14084.801,412,0,Leese,23.24,88,12,2,2018-10-01 03:16:06.002894+06
01788346153,170.42,4919.247,204,0,Anabella,166.45,127,11,2,2018-12-15 14:54:09.379754+06
01758514718,144.65,2137.068,67,0,Eloise,152.32,125,13,2,2018-11-17 19:38:37.175594+06
01741596241,108.65,16352.648,807,0,Estell,0.44,42,11,3,2018-08-28 09:32:06.511874+06
01726490017,178.72,8351.342,569,0,Tammi,86.5,96,11,4,2018-09-07 15:55:19.682714+06
01756112191,152.16,8769.979,917,0,Dyane,11.7,109,10,4,2018-10-28 18:30:10.737134+06
01704890186,10.6,12623.343,26,0,Bianca,164.37,56,12,3,2018-09-21 08:54:03.974534+06
01734282151,4.32,17476.716,205,0,Fayina,86.38,190,10,0,minus
01724833897,68.95,18924.389,176,0,Lelia,52.11,53,13,4,2018-11-22 07:33:04.999634+06
01729371631,187.85,13207.343,214,0,Heda,86.97,70,12,3,2018-11-04 20:33:51.701354+06
01789519569,12.13,2752.911,441,0,Vinny,105.14,169,11,2,2018-12-14 16:23:52.872854+06
01701225627,161.26,9553.461,237,0,Hinda,52.12,95,13,3,2018-09-16 08:16:25.803794+06
01732024790,1.58,15931.637,561,0,Brigitte,7.04,19,13,2,2018-11-02 21:48:57.393854+06
01794756669,38.3,19445.665,66,0,Kristy,119.65,118,11,0,minus
01746033698,134.01,13615.907,923,0,Halette,128.68,102,10,2,2019-01-27 07:07:55.383734+06
01797426614,93.28,8987.058,483,0,Alejandrina,2.07,59,10,4,2019-01-23 20:24:17.885114+06
01771066925,158.38,8074.663,675,0,Binnie,30.72,60,13,3,2019-02-01 19:50:20.616134+06
01713902961,167.65,8529.205,662,0,Ki,171.52,127,10,2,2018-11-22 22:28:01.152614+06
01795319634,152.96,12763.467,506,0,Sharleen,38.12,152,13,2,2018-12-12 15:50:47.889734+06
01756792227,48.56,12929.985,732,0,Jeanett Weddington,112.45,68,13,2,2018-09-16 17:38:16.249694+06
01724056194,29.23,12485.723,661,0,Ninnetta,124.67,60,11,2,2018-08-20 04:41:07.574774+06
01740646419,139.1,17438.587,449,0,Geralda,22.46,197,13,2,2018-12-17 08:29:09.567194+06
01775269784,85.68,7831.806,397,0,Christa,47.45,65,11,2,2018-10-16 05:16:26.258294+06
01766107987,177.23,7359.498,996,0,Storm Whiscard,139.31,19,10,4,2018-09-16 18:51:54.289754+06
01766998706,144.83,17107.466,921,0,Gabriellia,104.86,151,10,2,2018-09-09 13:44:09.033134+06
01788136559,17.05,164.143,528,0,Dyann,78.13,81,11,3,2018-12-31 12:29:07.142954+06
01797350927,155.67,16754.955,470,0,Anthiathia,186.73,181,12,3,2018-11-02 07:25:43.458734+06
01778806645,45.03,13268.99,30,0,Valli,134.55,15,12,2,2018-08-12 12:58:10.597214+06
01716752603,69.56,18969.276,321,0,Cassandra,36.55,45,13,1,2018-12-22 21:34:31.917134+06
01700414154,58.89,3496.686,466,0,Celestia,91.36,4,11,2,2019-01-11 04:04:55.033274+06
01702808407,126.81,8469.825,906,0,Evy,161.93,86,12,1,2019-01-27 07:46:15.504014+06
01732882890,93.31,7599.753,707,0,Trina,168.3,164,11,4,2018-10-24 16:03:58.950134+06
01756036964,20.98,18981.263,724,0,Korie,46.2,55,11,2,2018-11-18 19:43:25.386014+06
01705009929,193.69,7221.25,101,0,Cassie,32.77,81,13,2,2018-12-28 06:10:29.029394+06
01738335929,193.63,180.901,873,0,Leanna,125.21,46,10,0,minus
01729454412,109.62,3620.791,552,0,Dawn,137.6,172,11,1,2018-12-29 02:39:40.955354+06
01722673545,176.34,12621.456,955,0,Helyn,24.07,25,10,1,2018-09-24 23:21:47.324294+06
01761893539,182.0,7513.071,858,0,Nessie,149.23,156,13,2,2018-09-06 04:34:47.349254+06
01749600924,117.59,1515.176,165,0,Janaya,43.68,197,11,2,2018-10-21 21:23:05.386874+06
01717384756,174.51,14071.287,551,0,Freda,102.3,62,10,1,2018-10-16 15:14:37.491494+06
01772895911,24.09,16215.4,238,0,Reina,151.64,193,13,2,2018-10-17 05:25:45.122654+06
01748634181,16.5,11254.851,531,0,Alina Mccaughey  ,20.59,7,11,1,2018-08-26 09:40:15.528494+06
01786291508,17.21,793.678,837,0,Devonna,146.47,175,11,1,2018-11-10 14:14:38.917454+06
01792012939,5.2,19937.513,622,0,Mae,28.58,63,12,0,minus
01735227730,10.52,3598.823,370,0,Marni,96.19,78,11,2,2019-01-13 23:49:57.613754+06
01721029450,184.78,278.857,654,0,Lorianna,37.78,52,13,3,2018-11-18 06:58:48.324134+06
01703342818,178.5,14755.408,718,0,Sharai,135.27,77,11,1,2019-01-18 10:28:24.318254+06
01794677866,32.46,1014.476,191,0,Golda,42.33,52,12,0,minus
01713144648,53.07,6595.719,84,0,Gena,185.75,20,11,2,2019-01-19 10:40:31.775834+06
01789410513,168.42,19945.629,900,0,Selle,172.14,195,13,2,2018-11-06 21:21:14.973074+06
01754344541,183.57,11166.431,72,0,Joceline,82.85,129,12,2,2018-08-12 11:36:34.877294+06
01764907365,13.2,18815.606,287,0,Gena,197.91,155,12,3,2018-11-13 16:23:19.212674+06
01789523452,161.72,930.46,759,0,Anastasia,8.55,39,11,3,2019-01-03 01:37:19.202114+06
01778562683,25.02,19741.826,459,0,Beulah Whittenbury,17.75,10,11,3,2018-10-23 02:30:38.674394+06
01735727669,108.63,9881.675,72,0,Leontyne,187.63,175,13,1,2018-09-25 04:34:03.987794+06
01749604780,45.27,18910.239,267,0,Candra,23.27,29,10,2,2019-01-28 02:04:27.798374+06
01733845269,4.89,18565.149,656,0,Cary Alessandone,127.42,189,13,2,2018-11-01 00:28:26.016014+06
01747864993,70.68,6210.194,62,0,Leontine,143.73,28,10,2,2019-02-04 14:42:34.649054+06
01758535171,79.98,17038.691,626,0,Tandi,10.46,121,11,3,2018-11-14 08:35:05.158274+06
01774597248,135.25,6799.961,377,0,Christan,134.69,7,11,0,minus
01706056956,91.69,17773.438,159,0,Vickie,179.96,159,11,4,2019-01-11 15:47:45.585374+06
01793588407,147.27,409.364,718,0,Danyette,36.32,196,13,3,2019-01-26 05:23:56.740694+06
01720939890,16.34,9229.282,490,0,Inger,193.26,34,10,4,2018-11-04 05:51:38.474774+06
01710185312,22.83,18002.626,680,0,Bellanca,133.83,116,13,2,2018-10-19 07:18:55.699514+06
01703680908,0.64,7861.854,451,0,Sonny,177.99,58,13,0,minus
01776625579,157.85,4775.533,857,0,Daphene,129.6,169,12,2,2018-12-31 15:16:34.188194+06
01764121009,131.54,4973.06,39,0,Erinn,146.28,21,13,1,2018-09-22 09:18:19.517354+06
01757584385,187.17,19993.517,50,0,Helge,124.33,161,11,4,2019-01-23 23:48:57.504554+06
01764266498,110.9,11053.947,793,0,Fanya,20.46,47,12,2,2018-10-24 12:40:55.250354+06
01705663312,56.35,1399.667,35,0,Zita,132.96,158,10,3,2018-10-28 06:51:04.932134+06
01739691515,100.02,8162.978,476,0,Buffy,108.54,42,11,1,2018-08-25 04:01:05.012894+06
01779547238,44.45,8938.644,601,0,Natasha,7.79,178,10,0,minus
01761247845,162.79,2412.921,300,0,Brenda,11.32,190,10,0,minus
01788856261,167.07,17946.89,702,0,Lucita,95.83,90,10,1,2018-12-02 09:47:47.704514+06
01732570239,104.41,12688.83,187,0,Nona,170.47,74,13,4,2018-09-09 02:52:31.492514+06
01768208967,198.01,19550.642,977,0,Cari,95.93,9,12,1,2018-12-19 13:02:04.840394+06
01708903201,60.42,14114.857,427,0,Anissa,3.25,45,13,3,2018-08-26 00:53:16.120094+06
01762292979,42.82,12281.674,953,0,Leola,159.83,192,11,1,2018-09-03 03:07:52.925834+06
01748805168,130.06,1707.179,533,0,Mabelle,180.4,136,12,0,minus
01710914021,101.58,17500.546,211,0,Birgit,145.43,180,11,2,2018-08-18 16:58:37.138574+06
01721430205,1.64,11210.366,525,0,Angella Suess  ,118.92,140,11,3,2018-12-27 10:07:46.410554+06
01748058520,59.78,9599.046,498,0,Flor,73.76,61,12,4,2018-11-26 15:27:06.150014+06
01740281637,45.25,2787.453,126,0,Siusan,78.64,101,12,0,minus
